10
0,john,,,,,,,,,,,
1,john,9095558888,7778889999,,90001231231,,john@cpp.edu,,,,,
2,frank,2222332888,,,,,frank@gmail.com,,,,,
3,brand,1112321333,2223334444,,,,brand@gmail.com,,,,,
4,soer,111444177,2126564444,,,,soer@gmail.com,,,,,
5,Mint,50112331333,,,,,,,,,,
6,Joff,8080099922,,,,,Joff@gmail.com,joff@yahoo.com,,,,
7,seem,121312355,,,,,seem@gmail.com,seem@bing.com,,,,
8,blore,,,,,,,,,,,
9,John,1203912391,,,,,,,,,,
